,close,high,low,open,time,volumefrom,volumeto,timestamp
0,3.0,3.0,0.6747,0.6747,1438905600,123.93,371.79,2015-08-07
1,1.2,3.0,0.15,3.0,1438992000,2119.43,1438.16,2015-08-08
2,1.2,1.2,1.2,1.2,1439078400,0.0,0.0,2015-08-09
3,1.2,1.2,1.2,1.2,1439164800,0.0,0.0,2015-08-10
4,0.99,1.2,0.6504,1.2,1439251200,9486.09,7419.73,2015-08-11
5,1.29,1.29,0.905,0.99,1439337600,2140.46,2376.28,2015-08-12
6,1.88,1.88,1.26,1.29,1439424000,3163.29,4923.22,2015-08-13
7,1.79,2.1,1.79,1.88,1439510400,5800.73,11070.41,2015-08-14
8,1.79,1.79,1.5,1.79,1439596800,8711.24,14812.75,2015-08-15
9,1.37,1.79,0.5,1.79,1439683200,9714.19,10794.95,2015-08-16
10,1.3,1.59,1.25,1.37,1439769600,4325.42,6063.99,2015-08-17
11,1.36,1.36,1.15,1.3,1439856000,2390.72,2867.74,2015-08-18
12,1.24,1.36,0.99,1.36,1439942400,4131.9,4769.3,2015-08-19
13,1.52,1.52,1.24,1.24,1440028800,1273.0,1771.6,2015-08-20
14,1.44,1.53,1.44,1.52,1440115200,6310.99,9197.39,2015-08-21
15,1.4,1.44,1.4,1.44,1440201600,229.59,321.76,2015-08-22
16,1.35,1.4,1.31,1.4,1440288000,323.11,438.75,2015-08-23
17,1.24,1.35,1.24,1.35,1440374400,5117.98,6460.83,2015-08-24
18,1.27,1.28,1.22,1.24,1440460800,938.92,1188.35,2015-08-25
19,1.18,1.27,1.08,1.27,1440547200,2043.44,2337.47,2015-08-26
20,1.14,1.19,1.14,1.18,1440633600,230.3,269.07,2015-08-27
21,1.3,1.3,1.14,1.14,1440720000,20767.1,26922.13,2015-08-28
22,1.18,1.3,1.15,1.3,1440806400,329.64,383.37,2015-08-29
23,1.32,1.35,1.17,1.18,1440892800,8505.13,10975.8,2015-08-30
24,1.31,1.32,0.9,1.32,1440979200,3258.74,3959.42,2015-08-31
25,1.36,1.38,1.31,1.31,1441065600,894.21,1220.61,2015-09-01
26,1.14,1.37,1.14,1.36,1441152000,519.87,698.71,2015-09-02
27,1.23,1.33,1.14,1.14,1441238400,2872.93,3717.92,2015-09-03
28,1.35,1.4,1.28,1.28,1441324800,15.39,18.76,2015-09-04
29,1.37,1.37,1.23,1.23,1441411200,7881.76,10437.44,2015-09-05
30,1.34,1.39,1.34,1.37,1441497600,111.78,145.64,2015-09-06
31,1.28,1.34,1.28,1.34,1441584000,393.9,526.2,2015-09-07
32,1.26,1.28,1.26,1.28,1441670400,82.23,103.93,2015-09-08
33,1.21,1.26,1.21,1.26,1441756800,21.42,27.57,2015-09-09
34,1.19,1.21,1.12,1.21,1441843200,2866.95,3361.62,2015-09-10
35,0.9242,1.19,0.9242,1.19,1441929600,2877.26,3066.25,2015-09-11
36,1.15,1.15,0.9242,0.9242,1442016000,509.27,513.1,2015-09-12
37,0.8856,1.15,0.8837,1.15,1442102400,3917.32,3817.24,2015-09-13
38,0.955,0.9622,0.885,0.8856,1442188800,870.32,805.59,2015-09-14
39,0.95,1.0,0.804,0.955,1442275200,2558.87,2273.61,2015-09-15
40,0.9363,0.9563,0.9363,0.95,1442361600,49.44,47.63,2015-09-16
41,0.875,0.9363,0.8238,0.9363,1442448000,151.36,129.7,2015-09-17
42,0.8523,0.88,0.8523,0.875,1442534400,684.62,593.31,2015-09-18
43,0.89,0.89,0.8013,0.8523,1442620800,4.32,3.59,2015-09-19
44,0.8871,0.89,0.88,0.89,1442707200,13.92,12.33,2015-09-20
45,0.9412,0.95,0.8871,0.8871,1442793600,179.51,171.52,2015-09-21
46,0.8059,0.9412,0.8059,0.9412,1442880000,199.71,175.81,2015-09-22
47,0.91,0.91,0.8059,0.8059,1442966400,14.71,13.25,2015-09-23
48,0.8,0.91,0.8,0.91,1443052800,690.58,568.89,2015-09-24
49,0.6823,0.8,0.6823,0.8,1443139200,2933.0,2184.33,2015-09-25
50,0.7703,0.7703,0.6805,0.6823,1443225600,79.54,58.79,2015-09-26
51,0.7008,0.7703,0.7007,0.7703,1443312000,14.55,10.93,2015-09-27
52,0.6,0.7047,0.6,0.7008,1443398400,5565.17,3491.1,2015-09-28
53,0.6816,0.6816,0.5,0.6,1443484800,20404.67,11590.73,2015-09-29
54,0.7137,0.74,0.5046,0.6816,1443571200,736.83,529.45,2015-09-30
55,0.6548,0.7137,0.6545,0.7137,1443657600,654.4,457.44,2015-10-01
56,0.6647,0.666,0.6548,0.6548,1443744000,400.99,266.64,2015-10-02
57,0.6796,0.6796,0.6647,0.6647,1443830400,51.02,34.43,2015-10-03
58,0.6095,0.6747,0.6095,0.6796,1443916800,791.61,533.8,2015-10-04
59,0.6078,0.6095,0.6078,0.6095,1444003200,55.74,35.41,2015-10-05
60,0.6511,0.6511,0.6091,0.6078,1444089600,24.17,15.52,2015-10-06
61,0.6,0.611,0.6,0.6511,1444176000,2025.65,1236.98,2015-10-07
62,0.62,0.64,0.6,0.6,1444262400,5755.79,3673.39,2015-10-08
63,0.6352,0.6352,0.5701,0.62,1444348800,2199.18,1298.61,2015-10-09
64,0.6351,0.75,0.6351,0.75,1444435200,0.0,0.0,2015-10-10
65,0.5993,0.5993,0.5993,0.6352,1444521600,14.4,8.63,2015-10-11
66,0.63,0.639,0.63,0.5993,1444608000,21.12,13.34,2015-10-12
67,0.6017,0.65,0.6016,0.63,1444694400,767.84,471.4,2015-10-13
68,0.5,0.6017,0.5,0.6017,1444780800,2761.81,1538.06,2015-10-14
69,0.56,0.56,0.4832,0.5,1444867200,256.3,128.6,2015-10-15
70,0.525,0.5622,0.525,0.56,1444953600,399.96,210.97,2015-10-16
71,0.523,0.54,0.52,0.525,1445040000,1591.58,855.31,2015-10-17
72,0.505,0.52,0.505,0.523,1445126400,1039.88,534.99,2015-10-18
73,0.5,0.505,0.4821,0.505,1445212800,1562.1,780.79,2015-10-19
74,0.44,0.4805,0.44,0.5,1445299200,1480.51,682.42,2015-10-20
75,0.42,0.4719,0.42,0.44,1445385600,1627.75,707.15,2015-10-21
76,0.609,0.609,0.411,0.42,1445472000,3339.9,1759.69,2015-10-22
77,0.5649,0.609,0.5,0.609,1445558400,3807.21,2166.11,2015-10-23
78,0.5561,0.5561,0.51,0.5649,1445644800,296.28,156.31,2015-10-24
79,0.62,0.67,0.5875,0.5561,1445731200,1436.0,902.43,2015-10-25
80,0.706,0.706,0.62,0.62,1445817600,1777.47,1190.13,2015-10-26
81,0.83,0.901,0.7012,0.706,1445904000,2123.87,1738.7,2015-10-27
82,0.99,1.01,0.82,0.83,1445990400,4983.13,4611.9,2015-10-28
83,1.12,1.2,0.9717,0.99,1446076800,4424.45,4937.61,2015-10-29
84,1.14,1.34,1.12,1.12,1446163200,3523.16,4346.06,2015-10-30
85,0.8676,1.14,0.8676,1.14,1446249600,822.97,804.5,2015-10-31
86,0.99,0.99,0.8676,0.8676,1446336000,186.43,176.28,2015-11-01
87,0.9878,1.06,0.9753,0.99,1446422400,7199.5,7192.3,2015-11-02
88,1.06,1.06,0.8425,0.9878,1446508800,6169.75,6124.85,2015-11-03
89,0.799,1.06,0.7987,1.06,1446595200,5884.47,5189.9,2015-11-04
90,0.8764,1.0,0.799,0.799,1446681600,1214.52,1078.04,2015-11-05
91,0.9899,0.9899,0.79,0.8764,1446768000,3228.49,3121.82,2015-11-06
92,0.93,0.93,0.8647,0.9899,1446854400,1347.58,1195.35,2015-11-07
93,1.0,1.0,0.8945,0.93,1446940800,3145.98,3067.91,2015-11-08
94,0.998,1.08,0.89,1.0,1447027200,8592.57,8903.45,2015-11-09
95,0.9,1.0,0.9,0.998,1447113600,7729.17,7531.93,2015-11-10
96,0.75,0.94,0.73,0.9,1447200000,11933.21,9539.72,2015-11-11
97,0.88,0.9,0.75,0.75,1447286400,2346.43,2032.79,2015-11-12
98,0.9,0.9,0.8395,0.88,1447372800,1866.15,1625.35,2015-11-13
99,0.88,0.91,0.8736,0.9,1447459200,524.56,469.05,2015-11-14
100,0.9193,0.9193,0.8746,0.88,1447545600,857.27,770.24,2015-11-15
101,0.925,0.925,0.6612,0.9193,1447632000,3010.0,2699.37,2015-11-16
102,1.0,1.0,0.9224,0.925,1447718400,9307.01,9189.91,2015-11-17
103,0.9973,1.0,0.95,1.0,1447804800,3368.62,3299.12,2015-11-18
104,0.94,1.0,0.92,0.9973,1447891200,1252.29,1221.53,2015-11-19
105,0.92,0.94,0.91,0.94,1447977600,165.69,154.39,2015-11-20
106,0.96,0.96,0.92,0.92,1448064000,390.35,378.0,2015-11-21
107,0.97,0.97,0.8827,0.96,1448150400,241.87,236.45,2015-11-22
108,0.92,0.92,0.92,0.97,1448236800,818.33,775.88,2015-11-23
109,0.91,0.95,0.91,0.92,1448323200,591.67,544.62,2015-11-24
110,0.87,0.9126,0.8674,0.91,1448409600,3152.27,2775.34,2015-11-25
111,0.86,0.91,0.8155,0.87,1448496000,5503.36,4777.98,2015-11-26
112,0.88,0.89,0.88,0.86,1448582400,808.67,719.18,2015-11-27
113,0.91,0.91,0.88,0.88,1448668800,1066.31,968.33,2015-11-28
114,0.87,0.91,0.85,0.91,1448755200,2708.13,2380.31,2015-11-29
115,0.88,0.88,0.8674,0.87,1448841600,451.72,394.73,2015-11-30
116,0.87,0.8885,0.8423,0.88,1448928000,2868.99,2502.08,2015-12-01
117,0.82,0.87,0.8,0.87,1449014400,3975.37,3243.49,2015-12-02
118,0.83,0.83,0.7979,0.82,1449100800,1120.65,905.48,2015-12-03
119,0.84,0.84,0.8246,0.83,1449187200,641.7,527.97,2015-12-04
120,0.8699,0.8699,0.8351,0.84,1449273600,925.93,785.96,2015-12-05
121,0.825,0.87,0.825,0.8699,1449360000,895.02,765.93,2015-12-06
122,0.79,0.825,0.7829,0.825,1449446400,1633.24,1325.08,2015-12-07
123,0.8102,0.898,0.7796,0.79,1449532800,6806.09,5379.11,2015-12-08
124,0.8051,0.8533,0.761,0.8102,1449619200,9646.13,7556.91,2015-12-09
125,0.8437,0.8683,0.7797,0.8051,1449705600,7073.4,5897.28,2015-12-10
126,0.8998,0.9,0.77,0.8437,1449792000,7043.09,5965.49,2015-12-11
127,0.96,0.96,0.8998,0.8998,1449878400,5300.39,5089.12,2015-12-12
128,0.9199,0.9749,0.8835,0.96,1449964800,1038.47,980.32,2015-12-13
129,0.99,0.99,0.9628,0.9199,1450051200,4590.34,4533.37,2015-12-14
130,1.0,1.0,0.96,0.99,1450137600,8104.04,8124.77,2015-12-15
131,0.803,1.1,0.8,1.0,1450224000,6132.75,5846.17,2015-12-16
132,0.94,0.9701,0.803,0.803,1450310400,619.15,576.1,2015-12-17
133,0.9,0.94,0.9,0.94,1450396800,410.08,376.47,2015-12-18
134,0.8935,0.9193,0.8935,0.9,1450483200,2375.25,2153.11,2015-12-19
135,1.07,1.07,0.8935,0.8935,1450569600,1453.06,1380.78,2015-12-20
136,0.91,1.07,0.91,1.07,1450656000,2589.86,2543.95,2015-12-21
137,0.88,0.9999,0.88,0.91,1450742400,8987.25,6918.73,2015-12-22
138,0.8709,0.9897,0.87,0.88,1450828800,562.86,498.47,2015-12-23
139,0.87,0.8899,0.85,0.8709,1450915200,1412.67,1216.12,2015-12-24
140,0.88,0.88,0.8569,0.87,1451001600,365.16,313.7,2015-12-25
141,0.853,1.0,0.85,0.88,1451088000,2826.94,2673.21,2015-12-26
142,0.918,0.918,0.84,0.853,1451174400,1358.1,1168.48,2015-12-27
143,0.8749,0.918,0.84,0.918,1451260800,4168.63,3616.85,2015-12-28
144,0.86,0.89,0.8433,0.8749,1451347200,531.31,458.85,2015-12-29
145,0.8925,0.929,0.86,0.86,1451433600,4377.1,3942.3,2015-12-30
146,0.9488,0.9666,0.8925,0.8925,1451520000,813.44,766.98,2015-12-31
147,0.92,0.9488,0.9184,0.9488,1451606400,47.26,43.41,2016-01-01
148,0.9547,0.9547,0.92,0.92,1451692800,72.45,68.51,2016-01-02
149,0.96,0.97,0.9506,0.9547,1451779200,502.24,485.22,2016-01-03
150,0.95,0.9644,0.9186,0.96,1451865600,828.89,787.29,2016-01-04
151,0.9426,0.9599,0.9409,0.95,1451952000,777.37,735.99,2016-01-05
152,0.95,0.952,0.9292,0.9426,1452038400,1120.47,1053.39,2016-01-06
153,0.94,0.96,0.93,0.95,1452124800,1694.99,1618.85,2016-01-07
154,0.985,0.985,0.94,0.94,1452211200,7059.36,6900.86,2016-01-08
155,0.985,0.998,0.9654,0.985,1452297600,3073.76,3030.57,2016-01-09
156,1.0,1.0,0.9902,0.985,1452384000,1684.6,1681.59,2016-01-10
157,1.08,1.1,1.0,1.0,1452470400,8518.36,8945.11,2016-01-11
158,1.22,1.25,1.05,1.08,1452556800,23690.96,27407.51,2016-01-12
159,1.14,1.22,1.07,1.22,1452643200,8237.02,9029.78,2016-01-13
160,1.16,1.16,1.1,1.14,1452729600,1789.57,2056.76,2016-01-14
161,1.2,1.33,1.16,1.16,1452816000,6977.01,8843.4,2016-01-15
162,1.22,1.32,1.2,1.2,1452902400,6771.31,8316.43,2016-01-16
163,1.31,1.31,1.21,1.22,1452988800,1812.03,2321.83,2016-01-17
164,1.47,1.55,1.31,1.31,1453075200,33753.13,49371.88,2016-01-18
165,1.22,1.47,1.22,1.47,1453161600,3029.93,4079.11,2016-01-19
166,1.54,1.61,1.22,1.22,1453248000,5144.5,7820.16,2016-01-20
167,1.54,1.61,1.4,1.54,1453334400,26653.2,39665.92,2016-01-21
168,1.52,1.66,1.42,1.54,1453420800,7469.08,11707.58,2016-01-22
169,2.03,2.03,1.39,1.52,1453507200,26875.07,50006.7,2016-01-23
170,2.1,2.3,1.1,2.03,1453593600,64291.7,130458.32,2016-01-24
171,2.5,2.88,2.05,2.1,1453680000,21843.54,52226.03,2016-01-25
172,2.3,2.8,2.25,2.5,1453766400,44655.38,117514.72,2016-01-26
173,2.42,2.8,1.88,2.3,1453852800,16352.69,39261.18,2016-01-27
174,2.55,2.61,2.24,2.42,1453939200,6391.94,15510.81,2016-01-28
175,2.41,2.61,2.21,2.55,1454025600,27250.81,67942.62,2016-01-29
176,2.44,2.6,2.37,2.41,1454112000,3454.35,8531.53,2016-01-30
177,2.2,2.54,2.2,2.44,1454198400,16657.76,39324.61,2016-01-31
178,2.17,2.32,2.0,2.2,1454284800,12842.99,27808.17,2016-02-01
179,2.45,2.45,2.12,2.17,1454371200,9160.08,20326.35,2016-02-02
180,2.53,2.54,2.3,2.45,1454457600,7322.15,16849.92,2016-02-03
181,2.57,2.79,2.5,2.53,1454544000,14966.85,37881.24,2016-02-04
182,2.56,2.59,2.47,2.57,1454630400,10524.85,26847.76,2016-02-05
183,2.53,2.57,2.48,2.56,1454716800,5812.71,14564.38,2016-02-06
184,3.0,3.0,2.51,2.53,1454803200,17649.92,50607.27,2016-02-07
185,3.16,3.24,2.75,3.0,1454889600,22654.68,68693.75,2016-02-08
186,3.76,3.97,3.14,3.16,1454976000,31113.41,112281.0,2016-02-09
187,4.35,4.98,3.5,3.76,1455062400,100147.95,420132.78,2016-02-10
188,6.38,6.38,3.44,4.35,1455148800,47440.31,237406.57,2016-02-11
189,5.27,6.47,5.05,6.38,1455235200,57897.35,329698.23,2016-02-12
190,5.22,5.8,4.07,5.27,1455321600,63405.7,309173.66,2016-02-13
191,5.2,5.41,4.5,5.22,1455408000,21713.64,105581.06,2016-02-14
192,5.22,5.98,4.5,5.2,1455494400,29632.21,157021.98,2016-02-15
193,4.25,5.44,4.0,5.22,1455580800,32789.19,149224.59,2016-02-16
194,3.86,4.78,3.5,4.25,1455667200,48722.06,194919.64,2016-02-17
195,4.36,4.75,3.32,3.86,1455753600,39288.63,160004.28,2016-02-18
196,4.45,4.75,4.06,4.36,1455840000,15018.41,67845.42,2016-02-19
197,4.37,4.72,4.01,4.45,1455926400,13675.44,59998.66,2016-02-20
198,4.63,4.63,4.0,4.37,1456012800,21988.0,96725.16,2016-02-21
199,5.6,5.84,4.5,4.63,1456099200,36144.92,184739.37,2016-02-22
200,5.7,6.0,5.32,5.6,1456185600,29377.55,167226.88,2016-02-23
201,6.23,6.5,5.51,5.7,1456272000,34361.9,203972.45,2016-02-24
202,5.93,6.64,5.55,6.23,1456358400,48900.99,301845.82,2016-02-25
203,6.03,6.29,5.71,5.93,1456444800,15761.77,94076.51,2016-02-26
204,6.31,6.5,5.75,6.03,1456531200,30540.52,190116.54,2016-02-27
205,6.5,6.54,6.15,6.31,1456617600,13763.78,88226.81,2016-02-28
206,6.35,6.62,6.0,6.5,1456704000,16461.91,104433.56,2016-02-29
207,7.59,7.6,6.25,6.35,1456790400,61216.63,429220.92,2016-03-01
208,8.7,9.9,7.04,7.59,1456876800,58610.55,467357.43,2016-03-02
209,9.35,9.94,8.3,8.7,1456963200,92235.14,862559.89,2016-03-03
210,9.96,9.96,8.27,9.35,1457049600,96041.71,908225.64,2016-03-04
211,11.0,12.0,9.75,9.96,1457136000,162772.84,1726260.37,2016-03-05
212,10.98,11.9,9.75,11.0,1457222400,77857.94,845841.96,2016-03-06
213,9.5,11.47,9.06,10.98,1457308800,73179.54,732233.35,2016-03-07
214,9.88,10.89,8.49,9.5,1457395200,63297.67,592001.58,2016-03-08
215,11.55,12.0,9.6,9.88,1457481600,52861.7,568223.02,2016-03-09
216,11.11,12.05,10.25,11.55,1457568000,65387.74,749105.04,2016-03-10
217,11.25,11.62,10.4,11.11,1457654400,30110.04,332692.07,2016-03-11
218,13.25,13.48,11.03,11.25,1457740800,131596.36,1669862.35,2016-03-12
219,15.0,15.18,12.0,13.25,1457827200,111671.2,1539173.65,2016-03-13
220,12.5,15.0,10.5,15.0,1457913600,143394.1,1909296.28,2016-03-14
221,13.09,13.45,10.0,12.5,1458000000,79587.79,978794.3,2016-03-15
222,12.92,13.75,12.8,13.09,1458086400,44790.6,593048.57,2016-03-16
223,11.14,13.0,10.2,12.92,1458172800,127514.65,1442272.97,2016-03-17
224,10.75,11.47,8.09,11.14,1458259200,168849.2,1629668.64,2016-03-18
225,10.55,11.19,9.8,10.75,1458345600,48704.1,512234.39,2016-03-19
226,10.06,10.85,9.52,10.55,1458432000,47028.95,469675.86,2016-03-20
227,11.97,11.99,9.93,10.06,1458518400,73367.01,819534.02,2016-03-21
228,10.96,12.2,10.95,11.97,1458604800,63118.64,727727.88,2016-03-22
229,12.29,12.5,10.96,10.96,1458691200,54811.26,654062.63,2016-03-23
230,11.13,12.48,10.84,12.29,1458777600,65510.18,749565.0,2016-03-24
231,10.69,11.4,10.51,11.13,1458864000,51369.17,555245.29,2016-03-25
232,11.0,11.38,10.58,10.69,1458950400,24312.17,265184.1,2016-03-26
233,10.5,11.09,10.11,11.0,1459036800,44241.08,465235.75,2016-03-27
234,11.58,11.83,10.3,10.5,1459123200,62920.43,711407.88,2016-03-28
235,11.73,11.8,11.19,11.58,1459209600,40603.83,472412.31,2016-03-29
236,11.88,12.13,11.21,11.73,1459296000,54718.84,644259.56,2016-03-30
237,11.41,12.13,11.33,11.88,1459382400,39949.51,469619.3,2016-03-31
238,11.63,11.89,11.27,11.41,1459468800,19715.95,230341.67,2016-04-01
239,11.61,11.67,11.35,11.63,1459555200,9501.52,109565.05,2016-04-02
240,11.58,11.64,11.46,11.61,1459641600,12428.66,143804.1,2016-04-03
241,11.1,11.63,10.99,11.58,1459728000,32923.86,368905.47,2016-04-04
242,10.39,11.26,10.01,11.1,1459814400,79852.79,848156.28,2016-04-05
243,10.79,11.13,10.25,10.39,1459900800,32717.74,347894.46,2016-04-06
244,10.08,10.8,9.9,10.79,1459987200,48589.78,499584.17,2016-04-07
245,9.74,10.32,9.59,10.08,1460073600,35021.72,345107.3,2016-04-08
246,9.16,10.05,9.0,9.74,1460160000,62058.55,582928.98,2016-04-09
247,8.8,9.2,7.35,9.16,1460246400,188885.83,1608160.22,2016-04-10
248,8.72,8.95,7.99,8.8,1460332800,56548.23,477247.84,2016-04-11
249,7.53,8.72,7.15,8.72,1460419200,84712.55,656699.18,2016-04-12
250,8.02,8.76,7.0,7.53,1460505600,105258.39,816613.56,2016-04-13
251,8.48,8.88,8.0,8.02,1460592000,39418.82,331212.2,2016-04-14
252,8.22,8.61,8.12,8.48,1460678400,21944.83,182732.33,2016-04-15
253,8.48,8.57,8.15,8.22,1460764800,32230.82,267873.74,2016-04-16
254,9.45,9.99,8.48,8.48,1460851200,83674.95,763315.62,2016-04-17
255,8.92,9.51,8.46,9.45,1460937600,65256.18,588238.26,2016-04-18
256,8.77,9.25,8.55,8.92,1461024000,52698.8,471842.85,2016-04-19
257,8.54,8.92,8.35,8.77,1461110400,83119.59,721266.7,2016-04-20
258,8.15,8.7,8.0,8.54,1461196800,42523.99,357687.04,2016-04-21
259,7.83,8.37,7.66,8.15,1461283200,51803.27,412692.1,2016-04-22
260,8.31,8.54,7.72,7.83,1461369600,40458.56,329479.8,2016-04-23
261,8.0,8.45,7.82,8.31,1461456000,45872.36,372438.74,2016-04-24
262,7.43,8.1,7.27,8.0,1461542400,101587.87,786134.19,2016-04-25
263,7.5,7.6,7.1,7.43,1461628800,75973.91,557777.13,2016-04-26
264,7.77,7.99,7.33,7.5,1461715200,49937.13,383755.39,2016-04-27
265,7.3,7.79,7.25,7.77,1461801600,38139.17,283192.05,2016-04-28
266,7.51,7.72,7.19,7.3,1461888000,28382.3,212926.36,2016-04-29
267,8.83,9.49,7.46,7.51,1461974400,161070.5,1391614.2,2016-04-30
268,8.76,9.19,8.42,8.83,1462060800,45746.21,396806.24,2016-05-01
269,10.03,10.43,8.75,8.76,1462147200,170278.29,1652336.46,2016-05-02
270,9.37,10.17,8.61,10.03,1462233600,88742.16,846402.68,2016-05-03
271,9.43,9.98,9.21,9.37,1462320000,59615.56,575918.82,2016-05-04
272,9.79,9.97,9.27,9.43,1462406400,59250.78,575232.88,2016-05-05
273,9.27,9.95,9.09,9.79,1462492800,77800.74,741537.5,2016-05-06
274,9.3,9.45,9.09,9.27,1462579200,26299.37,245436.5,2016-05-07
275,9.44,9.54,8.91,9.3,1462665600,52779.54,486475.96,2016-05-08
276,9.32,9.73,9.17,9.44,1462752000,42485.09,401181.56,2016-05-09
277,9.39,9.5,9.22,9.32,1462838400,22598.27,212391.84,2016-05-10
278,9.97,10.01,9.37,9.39,1462924800,77452.75,756859.69,2016-05-11
279,10.1,10.57,9.79,9.97,1463011200,125661.32,1270749.3,2016-05-12
280,10.48,11.12,10.04,10.1,1463097600,102926.21,1097388.15,2016-05-13
281,10.14,10.66,9.74,10.48,1463184000,74136.44,754171.66,2016-05-14
282,9.94,10.47,9.91,10.14,1463270400,40804.7,413310.49,2016-05-15
283,11.04,11.4,9.93,9.94,1463356800,142297.15,1547748.84,2016-05-16
284,12.26,12.6,11.03,11.04,1463443200,230629.51,2752386.7,2016-05-17
285,13.29,14.35,12.11,12.26,1463529600,253533.22,3335939.49,2016-05-18
286,14.49,14.65,13.02,13.29,1463616000,208913.19,2927687.96,2016-05-19
287,13.73,15.01,13.36,14.49,1463702400,217043.48,3107344.23,2016-05-20
288,13.95,14.02,12.91,13.73,1463788800,114861.73,1546478.86,2016-05-21
289,14.21,14.3,13.77,13.95,1463875200,90182.44,1270263.09,2016-05-22
290,13.45,14.4,13.32,14.21,1463961600,124645.5,1734447.84,2016-05-23
291,12.62,13.81,11.9,13.45,1464048000,227000.82,2893203.8,2016-05-24
292,12.53,12.9,11.82,12.62,1464134400,147584.03,1826871.68,2016-05-25
293,12.37,12.91,12.04,12.53,1464220800,104191.52,1301320.22,2016-05-26
294,11.11,12.33,10.39,12.37,1464307200,324384.65,3679168.18,2016-05-27
295,11.56,12.22,10.34,11.11,1464393600,277974.28,3181224.1,2016-05-28
296,12.28,12.43,11.37,11.56,1464480000,181903.59,2228732.96,2016-05-29
297,12.48,12.76,12.03,12.28,1464566400,85189.54,1065248.89,2016-05-30
298,13.85,14.28,12.43,12.48,1464652800,258408.09,3515815.71,2016-05-31
299,13.83,14.26,13.4,13.85,1464739200,165959.0,2302485.63,2016-06-01
300,13.78,14.08,13.62,13.83,1464825600,85468.69,1184334.76,2016-06-02
301,13.78,14.32,13.17,13.78,1464912000,123895.0,1686482.54,2016-06-03
302,13.66,13.91,13.33,13.78,1464998400,85256.96,1165878.35,2016-06-04
303,13.85,13.9,13.49,13.66,1465084800,41810.03,576616.65,2016-06-05
304,13.96,14.04,13.71,13.85,1465171200,65610.02,913782.43,2016-06-06
305,14.41,14.55,13.77,13.96,1465257600,128761.04,1831555.63,2016-06-07
306,14.44,14.76,14.3,14.41,1465344000,146152.62,2132214.64,2016-06-08
307,14.49,14.73,14.37,14.44,1465430400,47734.05,692699.24,2016-06-09
308,13.97,14.52,13.74,14.49,1465516800,125756.33,1773836.82,2016-06-10
309,14.01,14.17,13.76,13.97,1465603200,57132.02,799325.05,2016-06-11
310,15.57,15.6,13.91,14.01,1465689600,291120.87,4346663.43,2016-06-12
311,17.55,17.6,15.33,15.57,1465776000,444625.27,7459518.81,2016-06-13
312,18.7,19.17,16.34,17.55,1465862400,618455.32,11077976.31,2016-06-14
313,18.3,18.79,17.51,18.7,1465948800,216588.2,3960403.68,2016-06-15
314,20.61,21.35,18.21,18.3,1466035200,534902.76,10598002.19,2016-06-16
315,15.49,21.39,13.44,20.61,1466121600,2377787.72,38835782.61,2016-06-17
316,11.36,15.53,9.94,15.49,1466208000,1669122.52,20282268.8,2016-06-18
317,12.33,13.53,10.55,11.36,1466294400,614070.5,7516494.48,2016-06-19
318,11.7,12.61,10.42,12.33,1466380800,640082.1,7368783.61,2016-06-20
319,12.71,12.76,11.08,11.7,1466467200,429054.3,5196251.43,2016-06-21
320,13.21,15.9,12.64,12.71,1466553600,1411493.21,20239842.88,2016-06-22
321,13.58,13.91,12.48,13.21,1466640000,453618.17,5979901.69,2016-06-23
322,14.25,14.8,13.12,13.58,1466726400,381442.77,5307462.67,2016-06-24
323,14.28,14.62,13.89,14.25,1466812800,155676.24,2233332.05,2016-06-25
324,13.82,14.33,13.56,14.28,1466899200,116213.64,1615035.73,2016-06-26
325,14.04,14.43,13.6,13.82,1466985600,89075.0,1241424.28,2016-06-27
326,12.15,14.14,11.36,14.04,1467072000,567475.98,7059267.13,2016-06-28
327,12.76,12.98,11.59,12.15,1467158400,258038.8,3155698.71,2016-06-29
328,12.4,12.82,12.12,12.76,1467244800,135155.85,1682614.89,2016-06-30
329,12.23,12.55,11.65,12.4,1467331200,177334.83,2146235.76,2016-07-01
330,12.04,12.3,11.87,12.23,1467417600,69561.77,837313.24,2016-07-02
331,11.85,12.15,11.56,12.04,1467504000,107252.61,1270392.38,2016-07-03
332,11.34,11.88,10.67,11.85,1467590400,163420.68,1827745.63,2016-07-04
333,10.45,11.41,8.98,11.34,1467676800,644840.11,6584753.12,2016-07-05
334,10.51,11.07,10.16,10.45,1467763200,195218.22,2068628.7,2016-07-06
335,10.07,10.6,9.69,10.51,1467849600,188774.28,1889826.01,2016-07-07
336,11.3,11.67,9.96,10.07,1467936000,302123.91,3259343.9,2016-07-08
337,10.92,11.5,10.68,11.3,1468022400,198498.24,2172756.86,2016-07-09
338,10.97,11.14,10.77,10.92,1468108800,49703.64,542703.99,2016-07-10
339,10.58,11.03,10.1,10.97,1468195200,166121.25,1754036.13,2016-07-11
340,10.54,10.84,10.43,10.58,1468281600,93012.54,987728.29,2016-07-12
341,10.44,10.67,10.39,10.54,1468368000,79663.01,836101.35,2016-07-13
342,11.55,11.69,10.37,10.44,1468454400,341067.86,3803996.96,2016-07-14
343,11.88,12.64,11.4,11.55,1468540800,500048.49,5989467.51,2016-07-15
344,11.59,12.12,11.5,11.88,1468627200,147184.72,1741687.83,2016-07-16
345,11.19,11.73,10.9,11.59,1468713600,433021.16,4958378.98,2016-07-17
346,11.03,11.66,10.9,11.19,1468800000,232932.36,2657743.25,2016-07-18
347,11.63,12.1,10.95,11.03,1468886400,351169.14,4055734.52,2016-07-19
348,12.54,13.0,11.4,11.63,1468972800,917203.07,11258732.89,2016-07-20
349,12.66,12.92,12.02,12.54,1469059200,427041.87,5314646.39,2016-07-21
350,14.82,15.06,12.57,12.66,1469145600,1022189.35,14161594.6,2016-07-22
351,14.4,15.27,13.99,14.82,1469232000,487527.94,7061906.87,2016-07-23
352,12.63,14.68,12.15,14.4,1469318400,1009091.94,13418374.59,2016-07-24
353,13.84,13.88,12.59,12.63,1469404800,425383.73,5674967.8,2016-07-25
354,12.08,13.9,11.74,13.84,1469491200,874826.71,10981872.48,2016-07-26
355,13.05,13.52,11.73,12.08,1469577600,400327.42,5077547.65,2016-07-27
356,12.87,13.08,12.48,13.05,1469664000,244560.19,3121650.55,2016-07-28
357,12.87,12.93,12.56,12.87,1469750400,159098.97,2029034.65,2016-07-29
358,12.57,12.88,12.53,12.87,1469836800,160185.87,2030259.8,2016-07-30
359,11.86,12.56,11.54,12.57,1469923200,280247.54,3358462.34,2016-07-31
360,11.04,12.05,10.15,11.86,1470009600,316399.78,3610696.61,2016-08-01
361,8.3,11.2,7.03,11.04,1470096000,1126066.49,10863339.0,2016-08-02
362,10.42,10.64,8.09,8.3,1470182400,503182.0,4834647.29,2016-08-03
363,11.21,11.53,10.25,10.42,1470268800,271286.53,2985961.17,2016-08-04
364,11.05,11.32,10.73,11.21,1470355200,102061.37,1126449.94,2016-08-05
365,10.95,11.09,10.34,11.05,1470441600,97210.73,1043336.22,2016-08-06
366,10.98,11.13,10.76,10.95,1470528000,125746.11,1377540.58,2016-08-07
367,11.29,11.49,10.83,10.98,1470614400,207271.51,2281375.46,2016-08-08
368,12.22,12.43,11.17,11.29,1470700800,343589.13,4071702.41,2016-08-09
369,12.22,12.67,11.86,12.22,1470787200,430925.77,5255819.87,2016-08-10
370,11.68,12.35,11.59,12.22,1470873600,254376.79,3016560.99,2016-08-11
371,11.78,12.04,11.58,11.68,1470960000,175007.67,2065414.17,2016-08-12
372,11.56,11.83,11.49,11.78,1471046400,102568.78,1193514.33,2016-08-13
373,11.21,11.71,11.08,11.56,1471132800,144445.12,1638525.12,2016-08-14
374,11.21,11.43,10.97,11.21,1471219200,123330.54,1373317.99,2016-08-15
375,11.17,11.43,10.98,11.21,1471305600,113344.31,1261077.45,2016-08-16
376,10.77,11.23,10.71,11.17,1471392000,232747.19,2530514.96,2016-08-17
377,10.77,11.07,10.74,10.77,1471478400,132176.84,1436468.67,2016-08-18
378,10.71,10.85,10.64,10.77,1471564800,91139.58,977152.43,2016-08-19
379,11.28,11.35,10.68,10.71,1471651200,142722.0,1576304.59,2016-08-20
380,11.14,11.31,10.96,11.28,1471737600,49413.49,548398.26,2016-08-21
381,11.07,11.37,11.04,11.14,1471824000,106697.85,1196884.83,2016-08-22
382,11.01,11.22,10.87,11.07,1471910400,101252.04,1117682.67,2016-08-23
383,11.01,11.17,10.92,11.01,1471996800,66911.98,739274.46,2016-08-24
384,11.35,11.36,10.98,11.01,1472083200,110000.85,1230358.66,2016-08-25
385,11.26,11.44,11.19,11.35,1472169600,74956.83,847110.57,2016-08-26
386,11.19,11.29,11.15,11.26,1472256000,43250.69,485209.54,2016-08-27
387,10.99,11.21,10.98,11.19,1472342400,71814.79,793760.75,2016-08-28
388,10.95,11.16,10.77,10.99,1472428800,100913.48,1106816.52,2016-08-29
389,11.21,11.3,10.94,10.95,1472515200,86623.05,967365.36,2016-08-30
390,11.55,11.74,11.14,11.21,1472601600,112221.24,1283480.94,2016-08-31
391,12.21,12.6,11.55,11.55,1472688000,253260.07,3084388.07,2016-09-01
392,12.08,12.37,11.92,12.21,1472774400,143465.8,1731750.5,2016-09-02
393,11.85,12.41,11.55,12.08,1472860800,130686.18,1552172.47,2016-09-03
394,11.71,11.93,11.49,11.85,1472947200,77767.65,912660.28,2016-09-04
395,11.75,11.83,11.59,11.71,1473033600,43319.01,508640.52,2016-09-05
396,11.7,11.76,11.45,11.75,1473120000,74813.11,870183.38,2016-09-06
397,11.59,11.86,11.5,11.7,1473206400,60351.81,704039.31,2016-09-07
398,11.39,11.72,11.29,11.59,1473292800,103115.7,1182869.78,2016-09-08
399,11.72,11.76,11.29,11.39,1473379200,119610.66,1395640.15,2016-09-09
400,12.05,12.06,11.49,11.72,1473465600,85755.36,1011883.67,2016-09-10
401,11.64,12.2,11.58,12.05,1473552000,105474.11,1253034.95,2016-09-11
402,11.89,11.96,11.62,11.64,1473638400,61282.87,724255.11,2016-09-12
403,11.92,12.14,11.82,11.89,1473724800,255671.62,3108044.84,2016-09-13
404,11.97,12.06,11.76,11.92,1473811200,99146.41,1189503.24,2016-09-14
405,11.96,12.14,11.89,11.97,1473897600,135860.09,1642142.0,2016-09-15
406,12.61,12.81,11.89,11.96,1473984000,185415.24,2298783.41,2016-09-16
407,12.83,12.92,12.43,12.61,1474070400,68987.97,874551.9,2016-09-17
408,12.39,13.0,12.21,12.83,1474156800,238089.25,2999604.47,2016-09-18
409,12.93,13.16,12.36,12.39,1474243200,122197.77,1570880.51,2016-09-19
410,14.72,14.75,12.92,12.93,1474329600,337399.06,4649566.46,2016-09-20
411,13.72,14.84,13.18,14.72,1474416000,258430.87,3597165.78,2016-09-21
412,13.11,13.84,12.37,13.72,1474502400,233688.9,3037294.65,2016-09-22
413,13.36,13.46,13.08,13.11,1474588800,75029.26,1001985.49,2016-09-23
414,12.91,13.4,12.63,13.36,1474675200,92383.05,1202185.53,2016-09-24
415,13.05,13.17,12.79,12.91,1474761600,43536.37,565459.24,2016-09-25
416,12.89,13.16,12.8,13.05,1474848000,60625.32,783983.91,2016-09-26
417,13.09,13.3,12.83,12.89,1474934400,83014.95,1086159.78,2016-09-27
418,13.3,13.56,13.06,13.09,1475020800,84304.32,1122919.8,2016-09-28
419,13.17,13.38,13.09,13.3,1475107200,66622.18,878164.58,2016-09-29
420,13.24,13.39,13.06,13.17,1475193600,67250.28,889551.06,2016-09-30
421,13.21,13.3,13.07,13.24,1475280000,62601.18,824667.95,2016-10-01
422,13.23,13.3,13.15,13.21,1475366400,47772.57,631029.44,2016-10-02
423,13.45,13.51,13.18,13.23,1475452800,69173.94,922433.1,2016-10-03
424,13.32,13.56,13.23,13.45,1475539200,97492.97,1307651.86,2016-10-04
425,13.09,13.44,13.09,13.32,1475625600,82081.12,1087377.43,2016-10-05
426,12.87,13.19,12.66,13.09,1475712000,110390.99,1424912.23,2016-10-06
427,12.68,13.08,12.5,12.87,1475798400,103359.07,1313504.34,2016-10-07
428,12.24,12.76,12.04,12.68,1475884800,121504.46,1494626.67,2016-10-08
429,12.06,12.41,11.97,12.24,1475971200,109641.16,1339556.95,2016-10-09
430,11.74,12.15,11.6,12.06,1476057600,171677.87,2039638.55,2016-10-10
431,11.75,12.23,11.7,11.74,1476144000,113271.99,1355534.12,2016-10-11
432,11.77,12.09,11.68,11.75,1476230400,113738.16,1348844.9,2016-10-12
433,12.02,12.1,11.74,11.77,1476316800,101362.84,1210242.49,2016-10-13
434,11.9,12.06,11.84,12.02,1476403200,66486.8,794319.15,2016-10-14
435,11.96,11.98,11.76,11.9,1476489600,52634.61,625037.68,2016-10-15
436,11.93,12.04,11.87,11.96,1476576000,35541.36,425194.98,2016-10-16
437,11.98,12.0,11.82,11.93,1476662400,77330.0,921893.08,2016-10-17
438,12.5,12.92,11.93,11.98,1476748800,166763.86,2086531.11,2016-10-18
439,11.98,12.65,11.88,12.5,1476835200,115707.2,1413674.28,2016-10-19
440,12.05,12.26,11.93,11.98,1476921600,73056.09,884658.87,2016-10-20
441,12.07,12.13,11.97,12.05,1477008000,32824.12,396002.15,2016-10-21
442,12.06,12.16,11.9,12.07,1477094400,47807.26,577127.12,2016-10-22
443,11.95,12.09,11.9,12.06,1477180800,41669.91,500515.73,2016-10-23
444,11.93,12.02,11.89,11.95,1477267200,56472.87,676684.77,2016-10-24
445,11.38,11.96,11.08,11.93,1477353600,192636.11,2217209.74,2016-10-25
446,11.5,11.69,11.29,11.38,1477440000,78611.67,906595.87,2016-10-26
447,11.43,11.57,11.21,11.5,1477526400,103583.57,1185604.19,2016-10-27
448,11.08,11.6,10.93,11.43,1477612800,155011.77,1744841.53,2016-10-28
449,10.39,11.25,9.42,11.08,1477699200,306177.02,3189413.09,2016-10-29
450,11.22,11.42,10.28,10.39,1477785600,112375.48,1221192.37,2016-10-30
451,10.91,11.64,10.86,11.22,1477872000,131572.44,1472033.65,2016-10-31
452,10.75,11.19,10.32,10.91,1477958400,198088.97,2120518.33,2016-11-01
453,10.82,11.16,10.69,10.75,1478044800,123645.27,1354204.81,2016-11-02
454,10.86,11.12,10.71,10.82,1478131200,143598.96,1572227.6,2016-11-03
455,11.13,11.15,10.8,10.86,1478217600,80510.17,884314.9,2016-11-04
456,11.11,11.21,10.98,11.13,1478304000,41213.34,457396.63,2016-11-05
457,10.97,11.16,10.89,11.11,1478390400,44040.61,485095.74,2016-11-06
458,10.9,11.04,10.85,10.97,1478476800,71409.98,782734.52,2016-11-07
459,10.86,11.01,10.79,10.9,1478563200,91661.94,998744.71,2016-11-08
460,10.64,10.83,10.16,10.86,1478649600,188601.77,1986925.12,2016-11-09
461,10.52,10.73,10.44,10.64,1478736000,41908.03,443281.63,2016-11-10
462,10.29,10.67,10.19,10.52,1478822400,74537.19,775064.47,2016-11-11
463,9.96,10.34,9.64,10.29,1478908800,115527.71,1155624.22,2016-11-12
464,10.13,10.38,9.68,9.96,1478995200,80509.37,810621.17,2016-11-13
465,10.0,10.17,9.9,10.13,1479081600,56340.14,565262.66,2016-11-14
466,10.22,10.32,9.81,10.0,1479168000,78828.32,796438.73,2016-11-15
467,10.01,10.38,9.85,10.22,1479254400,123479.9,1257139.66,2016-11-16
468,9.95,10.14,9.81,10.01,1479340800,110443.06,1108257.76,2016-11-17
469,9.53,9.99,9.42,9.95,1479427200,124353.87,1198775.47,2016-11-18
470,9.7,9.76,9.45,9.53,1479513600,68883.22,664066.1,2016-11-19
471,9.57,9.76,9.5,9.7,1479600000,50630.78,486220.11,2016-11-20
472,9.56,9.65,9.43,9.57,1479686400,47177.88,450573.81,2016-11-21
473,9.84,10.25,9.51,9.56,1479772800,125300.97,1239793.68,2016-11-22
474,9.78,9.93,9.71,9.84,1479859200,46516.23,456302.47,2016-11-23
475,9.22,9.82,8.69,9.78,1479945600,202827.97,1867383.41,2016-11-24
476,9.39,9.75,9.17,9.22,1480032000,76164.08,716441.17,2016-11-25
477,9.34,9.49,9.25,9.39,1480118400,31440.94,293525.05,2016-11-26
478,8.91,9.34,8.64,9.34,1480204800,151243.97,1353644.97,2016-11-27
479,8.66,9.04,8.56,8.91,1480291200,101091.68,883086.56,2016-11-28
480,8.18,8.71,7.8,8.66,1480377600,267341.37,2178363.36,2016-11-29
481,8.59,8.73,8.07,8.18,1480464000,162104.4,1370387.35,2016-11-30
482,8.44,8.67,8.27,8.59,1480550400,98313.35,830842.53,2016-12-01
483,7.65,8.44,7.3,8.44,1480636800,398882.01,3086902.62,2016-12-02
484,7.9,8.13,7.44,7.65,1480723200,180463.15,1424715.57,2016-12-03
485,7.54,7.92,7.42,7.9,1480809600,95243.77,728686.35,2016-12-04
486,6.69,7.6,6.53,7.54,1480896000,312822.9,2211620.44,2016-12-05
487,7.61,7.8,5.97,6.69,1480982400,623351.64,4244346.39,2016-12-06
488,8.35,8.55,7.39,7.61,1481068800,214021.7,1716783.84,2016-12-07
489,8.3,8.9,8.19,8.35,1481155200,211250.97,1798741.61,2016-12-08
490,8.52,8.64,7.98,8.3,1481241600,143712.62,1200256.63,2016-12-09
491,8.09,8.58,8.01,8.52,1481328000,104211.63,862005.19,2016-12-10
492,8.2,8.25,8.06,8.09,1481414400,52124.68,424995.92,2016-12-11
493,8.45,8.6,8.15,8.2,1481500800,123868.9,1036639.9,2016-12-12
494,8.4,8.54,8.31,8.45,1481587200,69953.44,588447.87,2016-12-13
495,8.23,8.47,8.2,8.4,1481673600,68798.49,572590.31,2016-12-14
496,7.76,8.28,7.67,8.23,1481760000,208133.9,1657356.88,2016-12-15
497,7.85,7.94,7.75,7.76,1481846400,69619.19,545242.73,2016-12-16
498,7.66,7.87,7.47,7.85,1481932800,121912.84,931231.74,2016-12-17
499,7.89,7.94,7.66,7.66,1482019200,75976.02,596318.5,2016-12-18
500,7.61,7.92,7.57,7.89,1482105600,72458.43,561539.82,2016-12-19
501,7.59,7.76,7.54,7.61,1482192000,70203.69,535548.66,2016-12-20
502,7.87,7.96,7.57,7.59,1482278400,111751.85,871421.76,2016-12-21
503,7.64,7.92,7.48,7.87,1482364800,194789.0,1484702.15,2016-12-22
504,7.16,7.64,7.05,7.64,1482451200,226585.88,1661753.26,2016-12-23
505,7.23,7.44,7.02,7.16,1482537600,73814.1,536182.19,2016-12-24
506,7.19,7.31,7.1,7.23,1482624000,57948.25,417117.76,2016-12-25
507,7.21,7.3,6.98,7.19,1482710400,75691.69,544580.57,2016-12-26
508,7.15,7.34,7.03,7.21,1482796800,90828.65,652961.91,2016-12-27
509,7.57,7.72,7.03,7.15,1482883200,239988.02,1766689.13,2016-12-28
510,8.21,8.51,7.49,7.57,1482969600,428828.39,3493858.63,2016-12-29
511,8.16,8.48,7.99,8.21,1483056000,161158.55,1329431.98,2016-12-30
512,8.05,8.23,7.92,8.16,1483142400,137420.77,1105687.52,2016-12-31
513,8.14,8.54,8.02,8.05,1483228800,162635.97,1347147.44,2017-01-01
514,8.33,8.47,8.03,8.14,1483315200,156606.04,1292250.03,2017-01-02
515,9.59,9.94,8.18,8.33,1483401600,571218.0,5292231.64,2017-01-03
516,10.88,10.89,9.31,9.59,1483488000,668352.35,7005140.85,2017-01-04
517,10.2,11.63,9.07,10.88,1483574400,869504.52,9120265.2,2017-01-05
518,10.07,10.42,9.44,10.2,1483660800,348103.81,3477359.84,2017-01-06
519,9.78,10.12,9.47,10.07,1483747200,198160.0,1942619.39,2017-01-07
520,10.27,10.39,9.67,9.78,1483833600,191334.34,1933043.21,2017-01-08
521,10.2,10.75,10.03,10.27,1483920000,222512.84,2324307.18,2017-01-09
522,10.55,10.68,10.23,10.2,1484006400,151430.67,1592370.3,2017-01-10
523,9.83,10.72,9.49,10.55,1484092800,351692.89,3510206.11,2017-01-11
524,9.81,10.23,9.14,9.83,1484179200,244170.16,2340175.9,2017-01-12
525,9.78,9.9,9.47,9.81,1484265600,124371.63,1201195.82,2017-01-13
526,9.78,9.91,9.63,9.78,1484352000,62667.78,610220.36,2017-01-14
527,9.88,9.99,9.73,9.78,1484438400,47446.58,466935.89,2017-01-15
528,9.59,10.12,9.55,9.88,1484524800,87968.07,857365.28,2017-01-16
529,10.14,10.53,9.56,9.59,1484611200,280999.87,2847715.06,2017-01-17
530,10.19,10.46,9.91,10.14,1484697600,194995.48,1986053.75,2017-01-18
531,10.43,10.52,10.17,10.19,1484784000,114204.82,1181087.98,2017-01-19
532,10.6,10.75,10.31,10.43,1484870400,154181.07,1630007.87,2017-01-20
533,10.91,11.0,10.54,10.6,1484956800,154151.84,1663670.87,2017-01-21
534,10.71,11.01,10.6,10.91,1485043200,133890.8,1443235.01,2017-01-22
535,10.78,10.96,10.63,10.71,1485129600,96166.45,1035512.94,2017-01-23
536,10.51,10.87,10.49,10.78,1485216000,125290.45,1330265.52,2017-01-24
537,10.51,10.65,10.4,10.51,1485302400,82282.71,864774.47,2017-01-25
538,10.65,10.67,10.48,10.51,1485388800,89098.36,940417.45,2017-01-26
539,10.51,10.67,10.41,10.65,1485475200,100982.8,1060899.57,2017-01-27
540,10.54,10.57,10.44,10.51,1485561600,73008.33,764915.1,2017-01-28
541,10.47,10.56,10.44,10.54,1485648000,39351.73,412832.22,2017-01-29
542,10.62,10.77,10.42,10.47,1485734400,129400.76,1369992.2,2017-01-30
543,10.71,10.8,10.53,10.62,1485820800,190048.36,2020510.49,2017-01-31
544,10.71,10.87,10.53,10.71,1485907200,220944.16,2367496.35,2017-02-01
545,10.78,10.92,10.57,10.71,1485993600,253645.4,2738130.48,2017-02-02
546,10.95,10.95,10.55,10.78,1486080000,238476.61,2590189.72,2017-02-03
547,11.32,11.4,10.88,10.95,1486166400,223661.5,2507121.92,2017-02-04
548,11.22,11.39,11.1,11.32,1486252800,80557.88,904300.16,2017-02-05
549,11.32,11.39,11.18,11.22,1486339200,86056.75,970692.97,2017-02-06
550,11.45,11.55,11.26,11.32,1486425600,129780.16,1481700.25,2017-02-07
551,11.39,11.6,11.11,11.45,1486512000,162470.22,1842031.94,2017-02-08
552,10.94,11.49,10.53,11.39,1486598400,303533.03,3312153.14,2017-02-09
553,11.34,11.44,10.81,10.94,1486684800,176157.32,1955534.7,2017-02-10
554,11.43,11.45,11.28,11.34,1486771200,99700.65,1131595.65,2017-02-11
555,11.42,11.49,11.34,11.43,1486857600,59766.91,679904.69,2017-02-12
556,11.39,11.49,11.19,11.42,1486944000,92414.71,1044736.73,2017-02-13
557,13.0,14.05,11.32,11.39,1487030400,694347.97,8633943.17,2017-02-14
558,12.97,13.68,12.63,13.0,1487116800,310263.53,3998609.0,2017-02-15
559,12.95,13.06,12.64,12.97,1487203200,2035678.87,26181931.8,2017-02-16
560,12.72,12.94,12.68,12.95,1487289600,157465.53,2015038.64,2017-02-17
561,12.83,12.89,12.71,12.72,1487376000,99183.87,1270318.22,2017-02-18
562,12.82,12.92,12.74,12.83,1487462400,79992.21,1028415.29,2017-02-19
563,12.52,12.9,12.48,12.82,1487548800,155135.12,1980817.76,2017-02-20
564,12.77,12.84,12.25,12.52,1487635200,216773.59,2738193.49,2017-02-21
565,12.69,12.9,12.62,12.77,1487721600,135387.41,1724079.53,2017-02-22
566,13.13,13.3,12.64,12.69,1487808000,221592.54,2869257.92,2017-02-23
567,13.11,13.29,12.72,13.13,1487894400,265438.72,3472766.16,2017-02-24
568,13.57,13.78,12.97,13.11,1487980800,263934.92,3554709.69,2017-02-25
569,14.59,14.65,13.37,13.57,1488067200,328409.76,4621619.85,2017-02-26
570,15.55,16.09,14.3,14.59,1488153600,551363.78,8252909.85,2017-02-27
571,16.07,16.75,15.19,15.55,1488240000,1253508.43,19857331.85,2017-02-28
572,17.55,17.65,15.68,16.07,1488326400,844865.11,13731714.76,2017-03-01
573,19.08,19.64,16.58,17.55,1488412800,1091778.86,19994584.45,2017-03-02
574,19.48,21.06,17.81,19.08,1488499200,1228424.54,24152328.49,2017-03-03
575,18.61,20.19,18.56,19.48,1488585600,383765.3,7413157.39,2017-03-04
576,19.22,19.4,18.1,18.61,1488672000,307796.26,5782306.44,2017-03-05
577,19.75,20.3,19.0,19.22,1488758400,516776.0,10247940.36,2017-03-06
578,18.91,19.81,18.52,19.75,1488844800,581719.83,11143090.95,2017-03-07
579,16.54,18.93,16.51,18.91,1488931200,744408.07,13176714.44,2017-03-08
580,17.71,18.13,15.94,16.54,1489017600,532796.89,9124768.56,2017-03-09
581,19.13,19.68,16.57,17.71,1489104000,1365580.33,25211751.17,2017-03-10
582,21.45,21.64,18.72,19.13,1489190400,808945.16,16305702.25,2017-03-11
583,23.31,23.81,21.2,21.45,1489276800,810416.18,18139890.29,2017-03-12
584,28.45,31.04,23.3,23.31,1489363200,2259579.53,62404918.78,2017-03-13
585,28.58,29.88,26.91,28.45,1489449600,727787.41,20686242.44,2017-03-14
586,35.18,35.32,28.31,28.58,1489536000,1312919.91,41558801.55,2017-03-15
587,45.51,46.55,34.76,35.18,1489622400,2726645.09,110340100.2,2017-03-16
588,44.48,54.88,34.55,45.51,1489708800,2813509.21,126403905.93,2017-03-17
589,34.0,45.24,30.63,44.48,1489795200,2112492.29,78375178.99,2017-03-18
590,43.12,45.55,33.4,34.0,1489881600,1656354.27,66179861.75,2017-03-19
591,42.51,45.51,40.93,43.12,1489968000,832582.16,36051939.83,2017-03-20
592,42.67,43.8,41.68,42.51,1490054400,484366.03,20719388.86,2017-03-21
593,41.65,42.94,38.56,42.67,1490140800,608057.78,24709533.87,2017-03-22
594,43.2,44.26,40.59,41.65,1490227200,563076.3,23891682.97,2017-03-23
595,53.19,53.74,42.77,43.2,1490313600,1528088.17,73808171.33,2017-03-24
596,50.62,53.59,47.62,53.19,1490400000,1087149.29,54975694.06,2017-03-25
597,50.63,51.68,48.45,50.62,1490486400,463494.42,23147171.07,2017-03-26
598,49.06,51.72,48.33,50.63,1490572800,486365.93,24298571.55,2017-03-27
599,50.25,50.55,48.5,49.06,1490659200,455379.64,22561201.8,2017-03-28
600,53.07,53.97,50.08,50.25,1490745600,735947.3,38472526.6,2017-03-29
601,51.91,53.63,51.36,53.07,1490832000,410830.36,21489377.75,2017-03-30
602,49.91,52.22,46.83,51.91,1490918400,754720.51,37271970.09,2017-03-31
603,50.6,51.77,48.65,49.91,1491004800,324783.37,16332366.72,2017-04-01
604,48.55,51.15,47.58,50.6,1491091200,594491.89,29315614.03,2017-04-02
605,44.13,48.76,42.49,48.55,1491177600,983867.93,44841678.65,2017-04-03
606,44.43,45.97,41.28,44.13,1491264000,705613.77,30705300.81,2017-04-04
607,44.9,47.49,44.12,44.43,1491350400,471198.53,21702217.01,2017-04-05
608,43.23,45.87,40.99,44.9,1491436800,549154.4,23956305.12,2017-04-06
609,42.31,44.58,41.58,43.23,1491523200,295057.05,12658079.21,2017-04-07
610,44.37,45.77,42.17,42.31,1491609600,283406.41,12638180.0,2017-04-08
611,43.72,44.73,42.79,44.37,1491696000,182403.63,7984771.99,2017-04-09
612,43.74,44.57,42.49,43.72,1491782400,212490.27,9252478.8,2017-04-10
613,43.74,44.43,43.47,43.74,1491868800,147047.4,6477981.6,2017-04-11
614,46.38,47.89,43.26,43.74,1491955200,477208.91,22030599.81,2017-04-12
615,49.97,51.04,46.14,46.38,1492041600,573009.19,28170249.76,2017-04-13
616,47.32,50.1,46.53,49.97,1492128000,327571.5,15807873.07,2017-04-14
617,48.89,62.03,46.89,47.32,1492214400,219461.56,10687561.53,2017-04-15
618,48.22,49.23,47.54,48.89,1492300800,93749.24,4563693.07,2017-04-16
619,47.94,48.53,47.57,48.22,1492387200,170663.65,8322156.32,2017-04-17
620,49.88,50.25,47.75,47.94,1492473600,436070.52,22065841.78,2017-04-18
621,47.88,50.5,46.86,49.88,1492560000,380316.93,19057555.2,2017-04-19
622,49.36,49.56,47.51,47.88,1492646400,312069.94,15519870.97,2017-04-20
623,48.27,49.46,48.09,49.36,1492732800,196921.85,9824903.87,2017-04-21
624,48.41,48.94,47.98,48.27,1492819200,149803.37,7451077.72,2017-04-22
625,48.75,48.92,47.91,48.41,1492905600,172577.23,8709584.13,2017-04-23
626,49.94,50.41,48.72,48.75,1492992000,238228.15,12211894.49,2017-04-24
627,50.09,50.61,49.79,49.94,1493078400,167430.9,8566119.69,2017-04-25
628,53.28,54.61,50.01,50.09,1493164800,531522.95,28727738.92,2017-04-26
629,63.14,63.42,52.43,53.28,1493251200,750748.42,45226868.8,2017-04-27
630,72.42,73.85,62.08,63.14,1493337600,1041598.58,71238627.13,2017-04-28
631,69.83,74.03,67.62,72.42,1493424000,536860.87,38785700.28,2017-04-29
632,79.83,81.26,69.28,69.83,1493510400,599185.59,45723362.68,2017-04-30
633,77.53,83.87,71.46,79.83,1493596800,1236010.8,99260395.94,2017-05-01
634,77.25,81.24,74.64,77.53,1493683200,547108.24,43090049.18,2017-05-02
635,80.37,80.96,75.4,77.25,1493769600,486106.3,38833085.88,2017-05-03
636,94.55,95.31,79.34,80.37,1493856000,946431.09,84572615.78,2017-05-04
637,90.79,97.66,87.11,94.55,1493942400,771791.02,72828175.0,2017-05-05
638,94.82,95.6,90.56,90.79,1494028800,328080.12,30584898.98,2017-05-06
639,90.46,96.37,62.74,94.82,1494115200,535325.03,45495746.59,2017-05-07
640,88.39,93.45,80.93,90.46,1494201600,558223.47,50131802.94,2017-05-08
641,86.27,89.58,75.07,88.39,1494288000,758163.5,63784971.5,2017-05-09
642,87.83,91.32,84.99,86.27,1494374400,321737.08,28478144.16,2017-05-10
643,88.2,90.55,85.77,87.83,1494460800,369180.29,32402025.29,2017-05-11
644,85.15,90.57,83.15,88.2,1494547200,430272.67,37700850.86,2017-05-12
645,87.96,88.59,81.81,85.15,1494633600,215848.18,18579547.98,2017-05-13
646,88.72,89.7,86.33,87.96,1494720000,165043.86,14701160.35,2017-05-14
647,90.32,94.3,86.75,88.72,1494806400,555746.25,50259306.03,2017-05-15
648,87.8,92.18,85.68,90.32,1494892800,439109.0,38782037.85,2017-05-16
649,86.98,89.4,81.99,87.8,1494979200,461291.81,39565758.47,2017-05-17
650,95.88,96.1,86.69,86.98,1495065600,495291.26,46394766.22,2017-05-18
651,124.38,129.47,95.73,95.88,1495152000,1156200.73,130687977.2,2017-05-19
652,123.06,129.07,120.61,124.38,1495238400,509646.64,63750018.33,2017-05-20
653,148.0,148.6,121.72,123.06,1495324800,813099.29,110402028.57,2017-05-21
654,160.39,181.46,133.38,148.0,1495411200,1695380.88,274191653.75,2017-05-22
655,169.5,176.04,155.06,160.39,1495497600,697270.37,114242328.23,2017-05-23
656,193.03,201.15,167.81,169.5,1495584000,940067.51,175438578.03,2017-05-24
657,177.33,216.1,160.86,193.03,1495670400,1244603.0,238787495.75,2017-05-25
658,162.83,197.67,141.56,177.33,1495756800,1057854.77,180297613.5,2017-05-26
659,156.63,169.62,114.17,162.83,1495843200,1551930.38,220037050.67,2017-05-27
660,172.86,182.36,156.51,156.51,1495929600,765913.66,127225150.79,2017-05-28
661,194.17,197.74,165.36,172.86,1496016000,649778.58,117364507.62,2017-05-29
662,228.58,232.08,185.83,194.17,1496102400,1246427.54,259513540.14,2017-05-30
663,228.64,233.92,214.05,228.58,1496188800,1010028.21,225740686.88,2017-05-31
664,220.7,235.52,208.0,228.64,1496275200,855293.22,188744370.55,2017-06-01
665,222.04,227.71,216.94,220.7,1496361600,407207.46,89635792.58,2017-06-02
666,224.3,226.41,218.79,222.04,1496448000,253020.73,55938007.46,2017-06-03
667,244.96,249.34,223.88,224.3,1496534400,519826.47,123696111.28,2017-06-04
668,247.75,248.62,241.5,244.96,1496620800,339404.76,83061054.37,2017-06-05
669,264.26,268.12,246.5,247.75,1496707200,738103.3,189040588.11,2017-06-06
670,255.77,264.8,246.17,264.26,1496793600,449467.44,115588722.19,2017-06-07
671,259.41,260.77,250.89,255.77,1496880000,354113.99,90124852.82,2017-06-08
672,279.11,279.14,259.36,259.41,1496966400,451368.51,121471877.23,2017-06-09
673,335.95,351.82,278.79,279.11,1497052800,931148.98,286877358.36,2017-06-10
674,339.68,351.21,314.39,335.95,1497139200,639586.84,215135870.25,2017-06-11
675,394.66,417.21,311.99,339.68,1497225600,1509276.84,549683393.83,2017-06-12
676,388.09,399.5,359.7,394.66,1497312000,681665.87,260123720.89,2017-06-13
677,343.84,393.62,317.23,388.09,1497398400,973146.95,348212541.18,2017-06-14
678,344.68,351.94,260.78,343.84,1497484800,1945808.2,602112721.79,2017-06-15
679,353.61,360.84,316.83,344.68,1497571200,652504.83,223997348.97,2017-06-16
680,368.1,368.33,342.85,353.61,1497657600,378375.61,134453789.41,2017-06-17
681,351.53,379.17,341.29,368.1,1497744000,453364.71,162855868.32,2017-06-18
682,358.2,361.5,348.66,351.53,1497830400,298728.2,106180717.99,2017-06-19
683,350.53,365.22,323.69,358.2,1497916800,571693.85,201343473.08,2017-06-20
684,325.3,352.83,138.5,350.53,1498003200,978394.73,305462617.14,2017-06-21
685,320.97,333.4,308.21,325.3,1498089600,486700.58,155828144.6,2017-06-22
686,326.85,331.53,319.62,320.97,1498176000,241098.57,78597250.89,2017-06-23
687,304.54,330.28,298.73,326.85,1498262400,366236.34,114491120.56,2017-06-24
688,279.36,309.98,253.3,304.54,1498348800,794762.46,222961091.7,2017-06-25
689,253.68,293.55,209.55,279.36,1498435200,1818268.14,444174618.98,2017-06-26
690,286.14,286.64,211.47,253.68,1498521600,1425022.43,346738914.6,2017-06-27
691,315.86,323.87,260.89,286.14,1498608000,1257687.23,366875067.35,2017-06-28
692,292.9,322.28,285.89,315.86,1498694400,829138.34,249819374.85,2017-06-29
693,280.68,305.3,270.43,292.9,1498780800,715498.52,205409173.28,2017-06-30
694,261.0,281.81,253.18,280.68,1498867200,812033.74,214127111.59,2017-07-01
695,283.99,293.3,254.19,261.0,1498953600,705029.58,189730463.06,2017-07-02
696,276.41,284.31,272.64,283.99,1499040000,503723.77,139887958.58,2017-07-03
697,269.05,282.32,265.21,276.41,1499126400,515842.63,141480666.78,2017-07-04
698,266.0,274.03,253.7,269.05,1499212800,620794.42,162838117.13,2017-07-05
699,265.88,274.55,261.57,266.0,1499299200,400246.51,106470793.34,2017-07-06
700,240.94,266.25,236.16,265.88,1499385600,689172.67,171183446.25,2017-07-07
701,245.67,248.35,230.96,240.94,1499472000,583786.44,139823006.33,2017-07-08
702,237.72,251.79,236.59,245.67,1499558400,313936.23,76538488.68,2017-07-09
703,205.76,240.09,188.21,237.72,1499644800,1279710.77,274808713.13,2017-07-10
704,190.55,216.16,175.21,205.76,1499731200,1904168.17,368656185.14,2017-07-11
705,224.15,227.06,181.62,190.55,1499817600,1403985.29,289483936.34,2017-07-12
706,205.41,226.66,193.2,224.15,1499904000,949977.28,196303864.51,2017-07-13
707,197.14,207.07,182.62,205.41,1499990400,939689.54,181470096.09,2017-07-14
708,169.1,198.71,168.95,197.14,1500076800,970745.65,176484014.55,2017-07-15
709,155.42,171.91,132.64,169.1,1500163200,2453216.73,374176884.45,2017-07-16
710,189.97,190.26,154.25,155.42,1500249600,2036812.69,352420261.18,2017-07-17
711,227.09,256.89,177.42,189.97,1500336000,3019202.94,642203465.55,2017-07-18
712,194.41,244.02,187.21,227.09,1500422400,2682837.95,576048989.06,2017-07-19
713,226.33,235.86,194.41,194.41,1500508800,2295299.03,504434488.1,2017-07-20
714,216.33,236.62,209.46,226.33,1500595200,1045580.12,233383296.53,2017-07-21
715,230.47,236.55,215.3,216.33,1500681600,667429.85,151128752.55,2017-07-22
716,228.32,234.17,220.3,230.47,1500768000,563141.15,128301932.65,2017-07-23
717,225.48,229.56,224.04,228.32,1500854400,397799.34,90165893.98,2017-07-24
718,203.59,225.98,192.64,225.48,1500940800,1382784.11,285374761.65,2017-07-25
719,202.88,209.29,193.1,203.59,1501027200,809346.64,161659275.04,2017-07-26
720,202.93,205.68,198.93,202.88,1501113600,504777.47,102009361.91,2017-07-27
721,191.21,203.93,189.77,202.93,1501200000,631780.7,123425467.06,2017-07-28
722,206.14,209.57,177.69,191.21,1501286400,1010020.82,192325102.02,2017-07-29
723,196.78,209.88,194.12,206.14,1501372800,553749.07,110586575.75,2017-07-30
724,201.33,201.78,190.53,196.78,1501459200,528822.67,103641349.39,2017-07-31
725,225.9,232.55,201.27,201.33,1501545600,1444224.2,314260050.78,2017-08-01
726,218.12,228.98,215.71,225.9,1501632000,557162.98,122967812.49,2017-08-02
727,224.39,228.08,217.84,218.12,1501718400,417327.69,93201219.53,2017-08-03
728,220.6,227.45,219.73,224.39,1501804800,393605.18,87804496.93,2017-08-04
729,253.09,258.47,219.72,220.6,1501891200,1049623.56,251531536.79,2017-08-05
730,264.56,272.22,251.79,253.09,1501977600,839224.25,219315844.17,2017-08-06
731,269.94,274.39,257.41,264.56,1502064000,594385.57,158590573.11,2017-08-07
732,296.51,299.55,266.94,269.94,1502150400,804213.25,229459233.36,2017-08-08
733,295.28,314.75,279.1,296.51,1502236800,1476327.93,439031586.16,2017-08-09
734,298.28,310.18,289.22,295.24,1502323200,576082.58,173781086.18,2017-08-10
735,309.32,310.36,295.94,298.28,1502409600,486177.48,146799311.1,2017-08-11
736,308.02,319.14,303.71,309.32,1502496000,634507.5,198463746.02,2017-08-12
737,296.62,308.87,288.04,308.02,1502582400,709286.89,209757139.86,2017-08-13
738,299.16,306.3,294.74,296.62,1502668800,461968.26,138516552.98,2017-08-14
739,286.52,299.71,271.38,299.16,1502755200,735205.53,209502360.98,2017-08-15
740,301.38,303.29,280.66,286.52,1502841600,487956.1,143590085.64,2017-08-16
741,300.3,310.43,298.19,301.38,1502928000,466305.76,141776697.36,2017-08-17
742,292.62,306.52,287.17,300.3,1503014400,523133.9,155333057.71,2017-08-18
743,293.02,298.79,283.65,292.62,1503100800,458296.55,133331931.88,2017-08-19
744,298.2,298.78,288.48,293.02,1503187200,293661.68,86214711.32,2017-08-20
745,321.85,345.44,294.93,298.2,1503273600,1147950.71,371320147.37,2017-08-21
746,313.37,329.39,293.09,321.85,1503360000,823697.62,255666010.62,2017-08-22
747,317.4,325.1,313.16,313.37,1503446400,428625.31,136793702.05,2017-08-23
748,325.28,328.65,315.94,317.4,1503532800,352256.9,113467892.46,2017-08-24
749,330.06,337.24,324.69,325.28,1503619200,428182.32,142040413.42,2017-08-25
750,332.86,334.7,325.9,330.06,1503705600,214806.33,70828266.3,2017-08-26
751,347.88,347.92,332.8,332.86,1503792000,336374.92,113661914.42,2017-08-27
752,347.66,350.5,335.41,347.88,1503878400,452449.22,155518324.93,2017-08-28
753,372.35,375.18,347.24,347.66,1503964800,674865.15,245077133.04,2017-08-29
754,383.86,390.64,367.41,372.35,1504051200,651250.58,247280361.72,2017-08-30
755,388.33,389.64,380.89,383.86,1504137600,335126.62,129260777.23,2017-08-31
756,391.42,395.3,386.71,388.33,1504224000,491601.26,192664622.13,2017-09-01
757,351.03,392.04,328.87,391.42,1504310400,1101764.65,392672123.64,2017-09-02
758,352.45,370.5,336.37,351.03,1504396800,627030.97,220213614.9,2017-09-03
759,303.7,352.45,279.95,352.45,1504483200,1691892.31,518097340.34,2017-09-04
760,317.94,324.37,275.97,303.7,1504569600,947781.26,285969365.42,2017-09-05
761,338.92,341.77,317.82,317.94,1504656000,624432.7,207751167.29,2017-09-06
762,335.37,338.92,323.36,338.92,1504742400,439263.99,145609934.39,2017-09-07
763,306.72,335.39,293.12,335.37,1504828800,997877.33,307973324.88,2017-09-08
764,303.79,309.07,293.71,306.72,1504915200,423738.08,127930167.28,2017-09-09
765,299.21,305.76,280.7,303.79,1505001600,612531.96,179819553.2,2017-09-10
766,297.95,308.3,288.6,299.21,1505088000,502277.48,149130023.67,2017-09-11
767,294.1,316.38,285.75,297.95,1505174400,706469.01,212949898.74,2017-09-12
768,275.84,294.39,257.16,294.1,1505260800,1204287.66,328829086.33,2017-09-13
769,223.14,280.65,222.06,275.84,1505347200,1840149.11,448360655.12,2017-09-14
770,259.57,267.7,200.75,223.14,1505433600,2545560.43,601118554.63,2017-09-15
771,254.49,272.43,245.74,259.57,1505520000,829893.83,213735353.14,2017-09-16
772,258.4,265.78,239.98,254.49,1505606400,509132.86,129073620.3,2017-09-17
773,297.53,300.69,258.36,258.4,1505692800,1101869.95,316944028.29,2017-09-18
774,283.0,299.91,275.94,297.53,1505779200,736458.34,211173075.81,2017-09-19
775,283.56,293.74,277.72,283.0,1505865600,416768.41,119360306.75,2017-09-20
776,257.77,287.13,252.22,283.56,1505952000,794785.87,213821119.8,2017-09-21
777,262.94,270.74,254.28,257.77,1506038400,491176.93,128332019.33,2017-09-22
778,286.14,286.72,259.58,262.94,1506124800,403931.95,111790766.56,2017-09-23
779,282.6,294.54,276.25,286.14,1506211200,455005.16,129812958.5,2017-09-24
780,294.89,297.01,282.48,282.6,1506297600,431148.81,125825077.84,2017-09-25
781,288.64,295.89,287.01,294.89,1506384000,266603.9,77729398.68,2017-09-26
782,309.97,312.64,287.83,288.64,1506470400,519371.43,155862803.45,2017-09-27
783,302.77,310.24,298.18,309.97,1506556800,381991.35,116142194.54,2017-09-28
784,292.58,303.54,279.79,302.77,1506643200,651910.85,189289895.65,2017-09-29
785,302.77,305.91,292.32,292.58,1506729600,274718.7,82819424.09,2017-09-30
786,303.95,304.79,295.44,302.77,1506816000,220320.92,66161942.23,2017-10-01
787,296.81,304.13,293.34,303.95,1506902400,291646.77,87144370.37,2017-10-02
788,291.81,299.92,286.86,296.81,1506988800,302101.3,88276884.19,2017-10-03
789,291.68,295.57,288.56,291.81,1507075200,231043.01,67580849.1,2017-10-04
790,294.99,297.47,286.73,291.68,1507161600,202892.42,59328523.56,2017-10-05
791,308.33,309.0,293.75,294.99,1507248000,265830.27,80140194.73,2017-10-06
792,311.26,314.12,304.63,308.33,1507334400,269276.51,83321062.1,2017-10-07
793,309.49,313.52,308.13,311.26,1507420800,217688.05,67801593.66,2017-10-08
794,296.95,310.14,286.52,309.49,1507507200,471243.74,140753204.93,2017-10-09
795,298.46,305.95,292.28,296.95,1507593600,268423.2,80475858.44,2017-10-10
796,302.86,305.12,297.18,298.46,1507680000,223439.16,67246675.44,2017-10-11
797,302.89,308.77,301.65,302.86,1507766400,426811.81,130357482.76,2017-10-12
798,336.83,347.7,298.29,302.89,1507852800,994746.99,325130767.69,2017-10-13
799,338.81,347.14,333.83,336.83,1507939200,345894.16,118217861.14,2017-10-14
800,336.58,341.93,318.35,338.81,1508025600,465975.53,154046243.07,2017-10-15
801,334.23,352.39,332.9,336.58,1508112000,498450.89,170532984.7,2017-10-16
802,316.14,334.42,310.57,334.23,1508198400,415234.07,133468389.3,2017-10-17
803,313.54,316.34,287.95,316.14,1508284800,543742.61,164595270.46,2017-10-18
804,307.41,316.38,304.63,313.54,1508371200,297975.44,92233614.25,2017-10-19
805,303.08,312.11,301.86,307.41,1508457600,297745.84,91295399.0,2017-10-20
806,299.55,303.09,290.92,303.08,1508544000,307450.01,91321527.88,2017-10-21
807,294.03,305.89,290.69,299.55,1508630400,229706.09,67955886.57,2017-10-22
808,285.27,294.25,274.96,294.03,1508716800,430501.72,121924456.19,2017-10-23
809,296.5,311.23,280.01,285.27,1508803200,545459.65,165128705.67,2017-10-24
810,296.35,300.36,289.46,296.5,1508889600,245972.24,72454123.85,2017-10-25
811,295.54,299.37,292.7,296.35,1508976000,160687.3,47625722.81,2017-10-26
812,296.36,298.9,292.24,295.54,1509062400,152637.47,45180916.86,2017-10-27
813,293.35,297.05,291.11,296.37,1509148800,142578.77,41932396.96,2017-10-28
814,304.04,311.3,292.06,293.33,1509235200,353324.1,107293933.23,2017-10-29
815,306.8,311.94,303.58,304.04,1509321600,186091.57,57189166.5,2017-10-30
816,303.64,310.86,303.4,306.8,1509408000,214194.38,65784953.81,2017-10-31
817,289.42,304.77,288.5,303.63,1509494400,406127.88,121046164.14,2017-11-01
818,284.92,293.03,276.89,289.42,1509580800,702319.19,200255173.09,2017-11-02
819,304.51,307.14,284.85,284.92,1509667200,487772.27,144510264.39,2017-11-03
820,300.04,304.65,294.05,304.51,1509753600,277052.73,82749431.95,2017-11-04
821,296.23,300.65,294.06,300.0,1509840000,214091.55,63667315.96,2017-11-05
822,296.82,306.8,292.26,296.22,1509926400,376470.44,112601694.96,2017-11-06
823,291.84,303.76,287.45,296.82,1510012800,530096.77,155572238.28,2017-11-07
824,307.35,319.2,290.55,291.84,1510099200,800725.7,245218193.52,2017-11-08
825,319.66,329.21,305.84,307.35,1510185600,650266.17,207473774.31,2017-11-09
826,296.86,324.22,288.96,319.67,1510272000,793302.54,242321395.52,2017-11-10
827,314.23,320.05,296.26,296.86,1510358400,531431.95,163117794.2,2017-11-11
828,306.02,317.22,297.48,314.23,1510444800,877312.34,269198764.73,2017-11-12
829,314.6,318.58,305.35,306.02,1510531200,558443.0,174789178.94,2017-11-13
830,334.72,337.15,314.45,314.6,1510617600,785305.62,256426287.76,2017-11-14
831,331.2,345.18,324.88,334.72,1510704000,514478.63,171713343.53,2017-11-15
832,330.32,334.85,321.9,331.2,1510790400,479983.53,157426941.16,2017-11-16
833,331.72,334.55,325.83,330.32,1510876800,378014.46,124992568.47,2017-11-17
834,346.65,349.46,326.83,331.72,1510963200,421354.76,141724984.0,2017-11-18
835,354.6,371.32,343.89,346.65,1511049600,633880.58,225946121.64,2017-11-19
836,367.71,372.82,354.28,354.67,1511136000,461611.79,167626773.14,2017-11-20
837,360.52,372.87,351.41,367.71,1511222400,693590.17,251898109.93,2017-11-21
838,380.84,381.61,359.97,360.52,1511308800,445622.07,164317320.01,2017-11-22
839,406.57,424.92,375.44,380.83,1511395200,1028925.9,414164352.05,2017-11-23
840,470.43,478.38,400.18,406.51,1511481600,908488.94,394452948.4,2017-11-24
841,464.61,483.38,457.41,470.4,1511568000,642619.77,301212841.34,2017-11-25
842,470.54,471.5,451.12,464.55,1511654400,376521.85,172973289.85,2017-11-26
843,475.24,489.43,462.47,470.45,1511740800,672619.99,319587125.58,2017-11-27
844,466.27,478.46,459.91,475.2,1511827200,549199.04,258005286.21,2017-11-28
845,427.42,515.44,409.35,466.24,1511913600,1321734.67,619578824.65,2017-11-29
846,434.85,460.81,396.14,427.3,1512000000,1023187.3,438013592.75,2017-11-30
847,461.58,467.22,416.77,435.31,1512086400,583678.92,259931075.6,2017-12-01
848,457.96,471.39,449.69,461.58,1512172800,464500.81,214732551.78,2017-12-02
849,462.81,481.56,445.57,457.96,1512259200,509415.89,237918665.66,2017-12-03
850,466.93,472.16,446.64,462.92,1512345600,411969.17,189877684.96,2017-12-04
851,453.96,467.84,451.47,466.93,1512432000,494270.35,227246572.43,2017-12-05
852,422.48,456.87,413.13,453.96,1512518400,1074639.32,470223347.34,2017-12-06
853,421.15,434.85,404.16,422.39,1512604800,992479.84,416652301.63,2017-12-07
854,451.74,461.1,410.33,420.76,1512691200,1095872.72,479837604.63,2017-12-08
855,472.86,507.36,448.09,451.78,1512777600,1093313.72,522718280.71,2017-12-09
856,436.49,472.78,428.3,472.31,1512864000,694853.93,307733091.95,2017-12-10
857,513.29,519.35,436.01,436.54,1512950400,758921.64,359245523.6,2017-12-11
858,656.52,678.25,499.57,513.36,1513036800,1760917.56,997267993.61,2017-12-12
859,699.09,755.07,593.89,656.52,1513123200,1964686.27,1324617349.11,2017-12-13
860,693.58,751.68,662.29,699.09,1513209600,1133303.76,806129945.07,2017-12-14
861,684.27,696.89,614.33,693.58,1513296000,954510.93,633348317.08,2017-12-15
862,692.83,718.37,678.52,684.09,1513382400,545836.8,378863163.02,2017-12-16
863,717.71,732.45,691.95,692.32,1513468800,532050.55,381124251.98,2017-12-17
864,785.99,799.37,679.8,717.73,1513555200,1016881.96,752383737.04,2017-12-18
865,812.5,868.89,767.59,786.17,1513641600,1339007.15,1094688835.82,2017-12-19
866,799.17,830.2,713.75,812.5,1513728000,1135826.7,889990388.6,2017-12-20
867,789.39,840.55,759.65,799.17,1513814400,906371.43,725479885.52,2017-12-21
868,657.83,794.16,490.28,789.39,1513900800,2384161.57,1535685091.41,2017-12-22
869,700.44,747.53,651.1,657.81,1513987200,663566.52,468771914.78,2017-12-23
870,675.91,701.07,597.12,700.44,1514073600,742417.69,477777689.82,2017-12-24
871,723.14,747.36,671.71,676.08,1514160000,536600.51,382873119.5,2017-12-25
872,753.4,756.03,722.23,723.14,1514246400,394588.38,293691001.17,2017-12-26
873,739.94,766.53,706.67,753.44,1514332800,474557.77,352542483.1,2017-12-27
874,716.69,741.46,671.23,739.93,1514419200,624468.48,437323299.68,2017-12-28
875,739.6,755.2,710.2,716.69,1514505600,533531.26,392497843.64,2017-12-29
876,692.99,741.67,663.88,739.6,1514592000,654093.06,455555629.24,2017-12-30
877,741.13,746.62,686.44,692.99,1514678400,361409.91,259822610.45,2017-12-31
878,756.2,765.3,724.33,741.09,1514764800,342878.12,256171569.97,2018-01-01
879,861.97,882.61,756.17,756.17,1514851200,1123318.86,949013949.18,2018-01-02
880,941.1,951.7,847.9,861.97,1514937600,871172.13,778108786.12,2018-01-03
881,944.83,997.44,901.03,941.0,1515024000,822844.78,780050914.4,2018-01-04
882,967.13,1018.37,933.98,944.83,1515110400,825084.59,808280779.56,2018-01-05
883,1006.41,1010.17,958.29,967.13,1515196800,384316.27,381555969.51,2018-01-06
884,1117.75,1117.84,1003.21,1006.41,1515283200,563476.81,602250144.77,2018-01-07
885,1136.11,1228.25,967.84,1117.75,1515369600,1137114.56,1292737991.11,2018-01-08
886,1289.24,1300.3,1133.7,1136.11,1515456000,812642.22,986697724.1,2018-01-09
887,1248.99,1385.22,1210.85,1289.24,1515542400,1105070.29,1445484601.88,2018-01-10
888,1139.32,1333.92,1100.85,1248.96,1515628800,1056985.76,1270849838.43,2018-01-11
889,1261.03,1287.06,1087.61,1139.32,1515715200,581477.09,704750432.94,2018-01-12
890,1385.02,1422.86,1261.01,1261.06,1515801600,551036.77,744906594.35,2018-01-13
891,1359.48,1389.32,1267.48,1385.02,1515888000,458696.01,610496132.15,2018-01-14
892,1278.69,1381.35,1271.07,1359.38,1515974400,407230.97,537797572.32,2018-01-15
893,1050.26,1282.27,864.23,1278.7,1516060800,1818512.61,1931700742.0,2018-01-16
894,1024.69,1115.66,764.75,1050.26,1516147200,2196783.74,2034010888.99,2018-01-17
895,1012.97,1093.9,949.56,1024.9,1516233600,1080431.79,1117430433.28,2018-01-18
896,1037.36,1083.62,982.62,1012.97,1516320000,501080.74,517599347.75,2018-01-19
897,1150.5,1164.62,1036.82,1037.36,1516406400,489743.73,545646401.81,2018-01-20
898,1049.09,1150.57,1008.06,1150.5,1516492800,508184.08,543760385.27,2018-01-21
899,999.64,1084.28,917.0,1049.09,1516579200,681092.91,676845706.25,2018-01-22
900,984.47,1020.66,908.31,999.75,1516665600,678043.45,660805261.99,2018-01-23
901,1061.78,1062.6,956.97,984.48,1516752000,514521.75,521553676.55,2018-01-24
902,1046.37,1102.42,1022.2,1061.61,1516838400,535509.16,568607934.27,2018-01-25
903,1048.58,1075.59,987.13,1046.37,1516924800,492824.14,509049582.65,2018-01-26
904,1109.08,1121.9,1033.86,1048.58,1517011200,365750.18,395059716.61,2018-01-27
905,1231.58,1240.47,1101.62,1109.08,1517097600,557486.08,662174309.95,2018-01-28
906,1169.96,1240.32,1151.53,1231.57,1517184000,436893.27,515965244.78,2018-01-29
907,1063.75,1173.18,1034.72,1169.94,1517270400,757521.14,835962532.22,2018-01-30
908,1111.31,1122.98,1020.77,1063.77,1517356800,510759.59,550605628.52,2018-01-31
909,1026.19,1155.58,954.75,1111.29,1517443200,970470.71,1033001644.78,2018-02-01
910,917.47,1027.66,746.67,1026.19,1517529600,1783823.6,1606436956.8,2018-02-02
911,970.87,997.6,845.18,917.47,1517616000,591555.32,552868551.93,2018-02-03
912,827.59,971.05,781.36,970.87,1517702400,766994.32,666593264.45,2018-02-04
913,695.08,857.82,629.08,826.34,1517788800,1747376.34,1272929187.15,2018-02-05
914,785.01,801.73,564.19,695.05,1517875200,2312291.59,1556542861.3,2018-02-06
915,751.81,858.28,718.28,785.16,1517961600,1124767.44,895500139.13,2018-02-07
916,813.55,844.86,750.02,751.86,1518048000,632557.69,510550202.1,2018-02-08
917,877.88,880.22,781.5,813.55,1518134400,561205.79,469210004.25,2018-02-09
918,850.75,909.32,816.09,877.66,1518220800,520877.94,451412405.8,2018-02-10
919,811.24,853.74,780.13,850.99,1518307200,376738.95,308313754.16,2018-02-11
920,865.27,874.85,811.09,811.17,1518393600,352040.84,300521830.64,2018-02-12
921,840.98,867.6,823.77,865.28,1518480000,304130.99,256092877.9,2018-02-13
922,920.11,922.37,840.87,840.99,1518566400,529918.98,470132510.11,2018-02-14
923,927.95,947.53,905.65,920.11,1518652800,489358.4,454133646.5,2018-02-15
924,916.7,945.36,916.7,927.95,1518739200,85795.0,80155153.7,2018-02-16
